Movie_Id,Year,Name,Estimate_Score
1277,1988.0,Red Dwarf: Series 3,5.0
1658,1986.0,Yes,5.0
1741,1999.0,Cowboy Bebop Remix,5.0
2102,1994.0,The Simpsons: Season 6,5.0
471,1931.0,City Lights,5.0
316,1999.0,Futurama: Monster Robot Maniac Fun Collection,4.975290424361869
1848,1956.0,Samurai Trilogy 3: Duel at Ganryu Island,4.946825179898093
1708,1936.0,Modern Times,4.942783400790985
1789,1994.0,Cracker: Series 2,4.910238771649366
223,2003.0,Chappelle's Show: Season 1,4.895192861735896
